sim0_0.pt,64
sim0_1.pt,64
sim0_2.pt,64
sim0_3.pt,64
sim0_4.pt,64
sim0_5.pt,64
sim0_6.pt,64
sim0_7.pt,64
sim0_8.pt,64
sim0_9.pt,64
sim0_10.pt,64
sim0_11.pt,64
sim0_12.pt,64
sim0_13.pt,64
sim0_14.pt,64
sim0_15.pt,64
sim0_16.pt,64
sim0_17.pt,64
sim0_18.pt,64
sim0_19.pt,64
sim0_20.pt,64
sim0_21.pt,64
sim0_22.pt,64
sim0_23.pt,64
sim0_24.pt,64
sim0_25.pt,64
sim0_26.pt,64
sim0_27.pt,64
sim0_28.pt,64
sim0_29.pt,64
sim0_30.pt,64
sim0_31.pt,64
sim0_32.pt,64
sim0_33.pt,64
sim0_34.pt,64
sim0_35.pt,64
sim0_36.pt,64
sim0_37.pt,64
sim0_38.pt,64
sim0_39.pt,64
sim0_40.pt,64
sim0_41.pt,64
sim0_42.pt,64
sim0_43.pt,64
sim0_44.pt,64
sim0_45.pt,64
sim0_46.pt,64
sim0_47.pt,64
sim0_48.pt,64
sim0_49.pt,64
sim0_50.pt,64
sim0_51.pt,64
sim0_52.pt,64
sim0_53.pt,64
sim0_54.pt,64
sim0_55.pt,64
sim0_56.pt,64
sim0_57.pt,64
sim0_58.pt,64
sim0_59.pt,64
sim0_60.pt,64
sim0_61.pt,64
sim0_62.pt,64
sim0_63.pt,64
sim0_64.pt,64
sim0_65.pt,64
sim0_66.pt,64
sim0_67.pt,64
sim0_68.pt,64
sim0_69.pt,64
sim0_70.pt,64
sim0_71.pt,64
sim0_72.pt,64
sim0_73.pt,64
sim0_74.pt,64
sim0_75.pt,64
sim0_76.pt,64
sim0_77.pt,64
sim0_78.pt,64
sim0_79.pt,64
sim0_80.pt,64
sim0_81.pt,64
sim0_82.pt,64
sim0_83.pt,64
sim0_84.pt,64
sim0_85.pt,64
sim0_86.pt,64
sim0_87.pt,64
sim0_88.pt,64
sim0_89.pt,64
sim0_90.pt,64
sim0_91.pt,64
sim0_92.pt,64
sim0_93.pt,64
sim0_94.pt,64
sim0_95.pt,64
sim0_96.pt,64
sim0_97.pt,64
sim0_98.pt,64
sim0_99.pt,64
sim0_100.pt,64
sim0_101.pt,64
sim0_102.pt,64
sim0_103.pt,64
sim0_104.pt,64
sim0_105.pt,64
sim0_106.pt,64
sim0_107.pt,64
sim0_108.pt,64
sim0_109.pt,64
sim0_110.pt,64
sim0_111.pt,64
sim0_112.pt,64
sim0_113.pt,64
sim0_114.pt,64
sim0_115.pt,64
sim0_116.pt,64
sim0_117.pt,64
sim0_118.pt,64
sim0_119.pt,64
sim0_120.pt,64
sim0_121.pt,64
sim0_122.pt,64
sim0_123.pt,64
sim0_124.pt,64
sim0_125.pt,64
sim0_126.pt,64
sim0_127.pt,64
sim0_128.pt,64
sim0_129.pt,64
sim0_130.pt,64
sim0_131.pt,64
sim0_132.pt,64
sim0_133.pt,64
sim0_134.pt,64
sim0_135.pt,64
sim0_136.pt,64
sim0_137.pt,64
sim0_138.pt,64
sim0_139.pt,64
sim0_140.pt,64
sim0_141.pt,64
sim0_142.pt,64
sim0_143.pt,64
sim0_144.pt,64
sim0_145.pt,64
sim0_146.pt,64
sim0_147.pt,64
sim0_148.pt,64
sim0_149.pt,64
sim0_150.pt,64
sim0_151.pt,64
sim0_152.pt,64
sim0_153.pt,64
sim0_154.pt,64
sim0_155.pt,64
sim0_156.pt,64
sim0_157.pt,64
sim0_158.pt,64
sim0_159.pt,64
sim0_160.pt,64
sim0_161.pt,64
sim0_162.pt,64
sim0_163.pt,64
sim0_164.pt,64
sim0_165.pt,64
sim0_166.pt,64
sim0_167.pt,64
sim0_168.pt,64
sim0_169.pt,64
sim0_170.pt,64
sim0_171.pt,64
sim0_172.pt,64
sim0_173.pt,64
sim0_174.pt,64
sim0_175.pt,64
sim0_176.pt,64
sim0_177.pt,64
sim0_178.pt,64
sim0_179.pt,64
sim0_180.pt,64
sim0_181.pt,64
sim0_182.pt,64
sim0_183.pt,64
sim0_184.pt,64
sim0_185.pt,64
sim0_186.pt,64
sim0_187.pt,64
sim0_188.pt,64
sim0_189.pt,64
sim0_190.pt,64
sim0_191.pt,64
sim0_192.pt,64
sim0_193.pt,64
sim0_194.pt,64
sim0_195.pt,64
sim0_196.pt,64
sim0_197.pt,64
sim0_198.pt,64
sim0_199.pt,64
sim0_200.pt,64
sim0_201.pt,64
sim0_202.pt,64
sim0_203.pt,64
sim0_204.pt,64
sim0_205.pt,64
sim0_206.pt,64
sim0_207.pt,64
sim0_208.pt,64
sim0_209.pt,64
sim0_210.pt,64
sim0_211.pt,64
sim0_212.pt,64
sim0_213.pt,64
sim0_214.pt,64
sim0_215.pt,64
sim0_216.pt,64
sim0_217.pt,64
sim0_218.pt,64
sim0_219.pt,64
sim0_220.pt,64
sim0_221.pt,64
sim0_222.pt,64
sim0_223.pt,64
sim0_224.pt,64
sim0_225.pt,64
sim0_226.pt,64
sim0_227.pt,64
sim0_228.pt,64
sim0_229.pt,64
sim0_230.pt,64
sim0_231.pt,64
sim0_232.pt,64
sim0_233.pt,64
sim0_234.pt,64
sim0_235.pt,64
sim0_236.pt,64
sim0_237.pt,64
sim0_238.pt,64
sim0_239.pt,64
sim0_240.pt,64
sim0_241.pt,64
sim0_242.pt,64
sim0_243.pt,64
sim0_244.pt,64
sim0_245.pt,64
sim0_246.pt,64
sim0_247.pt,64
sim0_248.pt,64
sim0_249.pt,64
sim0_250.pt,64
sim0_251.pt,64
sim0_252.pt,64
sim0_253.pt,64
sim0_254.pt,64
sim0_255.pt,64
sim0_256.pt,64
sim0_257.pt,64
sim0_258.pt,64
sim0_259.pt,64
sim0_260.pt,64
sim0_261.pt,64
sim0_262.pt,64
sim0_263.pt,64
sim0_264.pt,64
sim0_265.pt,64
sim0_266.pt,64
sim0_267.pt,64
sim0_268.pt,64
sim0_269.pt,64
sim0_270.pt,64
sim0_271.pt,64
sim0_272.pt,64
sim0_273.pt,64
sim0_274.pt,64
sim0_275.pt,64
sim0_276.pt,64
sim0_277.pt,64
sim0_278.pt,64
sim0_279.pt,64
sim0_280.pt,64
sim0_281.pt,64
sim0_282.pt,64
sim0_283.pt,64
sim0_284.pt,64
sim0_285.pt,64
sim0_286.pt,64
sim0_287.pt,64
sim0_288.pt,64
sim0_289.pt,64
sim0_290.pt,64
sim0_291.pt,64
sim0_292.pt,64
sim0_293.pt,64
sim0_294.pt,64
sim0_295.pt,64
sim0_296.pt,64
sim0_297.pt,64
sim0_298.pt,64
sim0_299.pt,64
sim1_0.pt,64
sim1_1.pt,64
sim1_2.pt,64
sim1_3.pt,64
sim1_4.pt,64
sim1_5.pt,64
sim1_6.pt,64
sim1_7.pt,64
sim1_8.pt,64
sim1_9.pt,64
sim1_10.pt,64
sim1_11.pt,64
sim1_12.pt,64
sim1_13.pt,64
sim1_14.pt,64
sim1_15.pt,64
sim1_16.pt,64
sim1_17.pt,64
sim1_18.pt,64
sim1_19.pt,64
sim1_20.pt,64
sim1_21.pt,64
sim1_22.pt,64
sim1_23.pt,64
sim1_24.pt,64
sim1_25.pt,64
sim1_26.pt,64
sim1_27.pt,64
sim1_28.pt,64
sim1_29.pt,64
sim1_30.pt,64
sim1_31.pt,64
sim1_32.pt,64
sim1_33.pt,64
sim1_34.pt,64
sim1_35.pt,64
sim1_36.pt,64
sim1_37.pt,64
sim1_38.pt,64
sim1_39.pt,64
sim1_40.pt,64
sim1_41.pt,64
sim1_42.pt,64
sim1_43.pt,64
sim1_44.pt,64
sim1_45.pt,64
sim1_46.pt,64
sim1_47.pt,64
sim1_48.pt,64
sim1_49.pt,64
sim1_50.pt,64
sim1_51.pt,64
sim1_52.pt,64
sim1_53.pt,64
sim1_54.pt,64
sim1_55.pt,64
sim1_56.pt,64
sim1_57.pt,64
sim1_58.pt,64
sim1_59.pt,64
sim1_60.pt,64
sim1_61.pt,64
sim1_62.pt,64
sim1_63.pt,64
sim1_64.pt,64
sim1_65.pt,64
sim1_66.pt,64
sim1_67.pt,64
sim1_68.pt,64
sim1_69.pt,64
sim1_70.pt,64
sim1_71.pt,64
sim1_72.pt,64
sim1_73.pt,64
sim1_74.pt,64
sim1_75.pt,64
sim1_76.pt,64
sim1_77.pt,64
sim1_78.pt,64
sim1_79.pt,64
sim1_80.pt,64
sim1_81.pt,64
sim1_82.pt,64
sim1_83.pt,64
sim1_84.pt,64
sim1_85.pt,64
sim1_86.pt,64
sim1_87.pt,64
sim1_88.pt,64
sim1_89.pt,64
sim1_90.pt,64
sim1_91.pt,64
sim1_92.pt,64
sim1_93.pt,64
sim1_94.pt,64
sim1_95.pt,64
sim1_96.pt,64
sim1_97.pt,64
sim1_98.pt,64
sim1_99.pt,64
sim1_100.pt,64
sim1_101.pt,64
sim1_102.pt,64
sim1_103.pt,64
sim1_104.pt,64
sim1_105.pt,64
sim1_106.pt,64
sim1_107.pt,64
sim1_108.pt,64
sim1_109.pt,64
sim1_110.pt,64
sim1_111.pt,64
sim1_112.pt,64
sim1_113.pt,64
sim1_114.pt,64
sim1_115.pt,64
sim1_116.pt,64
sim1_117.pt,64
sim1_118.pt,64
sim1_119.pt,64
sim1_120.pt,64
sim1_121.pt,64
sim1_122.pt,64
sim1_123.pt,64
sim1_124.pt,64
sim1_125.pt,64
sim1_126.pt,64
sim1_127.pt,64
sim1_128.pt,64
sim1_129.pt,64
sim1_130.pt,64
sim1_131.pt,64
sim1_132.pt,64
sim1_133.pt,64
sim1_134.pt,64
sim1_135.pt,64
sim1_136.pt,64
sim1_137.pt,64
sim1_138.pt,64
sim1_139.pt,64
sim1_140.pt,64
sim1_141.pt,64
sim1_142.pt,64
sim1_143.pt,64
sim1_144.pt,64
sim1_145.pt,64
sim1_146.pt,64
sim1_147.pt,64
sim1_148.pt,64
sim1_149.pt,64
sim1_150.pt,64
sim1_151.pt,64
sim1_152.pt,64
sim1_153.pt,64
sim1_154.pt,64
sim1_155.pt,64
sim1_156.pt,64
sim1_157.pt,64
sim1_158.pt,64
sim1_159.pt,64
sim1_160.pt,64
sim1_161.pt,64
sim1_162.pt,64
sim1_163.pt,64
sim1_164.pt,64
sim1_165.pt,64
sim1_166.pt,64
sim1_167.pt,64
sim1_168.pt,64
sim1_169.pt,64
sim1_170.pt,64
sim1_171.pt,64
sim1_172.pt,64
sim1_173.pt,64
sim1_174.pt,64
sim1_175.pt,64
sim1_176.pt,64
sim1_177.pt,64
sim1_178.pt,64
sim1_179.pt,64
sim1_180.pt,64
sim1_181.pt,64
sim1_182.pt,64
sim1_183.pt,64
sim1_184.pt,64
sim1_185.pt,64
sim1_186.pt,64
sim1_187.pt,64
sim1_188.pt,64
sim1_189.pt,64
sim1_190.pt,64
sim1_191.pt,64
sim1_192.pt,64
sim1_193.pt,64
sim1_194.pt,64
sim1_195.pt,64
sim1_196.pt,64
sim1_197.pt,64
sim1_198.pt,64
sim1_199.pt,64
sim1_200.pt,64
sim1_201.pt,64
sim1_202.pt,64
sim1_203.pt,64
sim1_204.pt,64
sim1_205.pt,64
sim1_206.pt,64
sim1_207.pt,64
sim1_208.pt,64
sim1_209.pt,64
sim1_210.pt,64
sim1_211.pt,64
sim1_212.pt,64
sim1_213.pt,64
sim1_214.pt,64
sim1_215.pt,64
sim1_216.pt,64
sim1_217.pt,64
sim1_218.pt,64
sim1_219.pt,64
sim1_220.pt,64
sim1_221.pt,64
sim1_222.pt,64
sim1_223.pt,64
sim1_224.pt,64
sim1_225.pt,64
sim1_226.pt,64
sim1_227.pt,64
sim1_228.pt,64
sim1_229.pt,64
sim1_230.pt,64
sim1_231.pt,64
sim1_232.pt,64
sim1_233.pt,64
sim1_234.pt,64
sim1_235.pt,64
sim1_236.pt,64
sim1_237.pt,64
sim1_238.pt,64
sim1_239.pt,64
sim1_240.pt,64
sim1_241.pt,64
sim1_242.pt,64
sim1_243.pt,64
sim1_244.pt,64
sim1_245.pt,64
sim1_246.pt,64
sim1_247.pt,64
sim1_248.pt,64
sim1_249.pt,64
sim1_250.pt,64
sim1_251.pt,64
sim1_252.pt,64
sim1_253.pt,64
sim1_254.pt,64
sim1_255.pt,64
sim1_256.pt,64
sim1_257.pt,64
sim1_258.pt,64
sim1_259.pt,64
sim1_260.pt,64
sim1_261.pt,64
sim1_262.pt,64
sim1_263.pt,64
sim1_264.pt,64
sim1_265.pt,64
sim1_266.pt,64
sim1_267.pt,64
sim1_268.pt,64
sim1_269.pt,64
sim1_270.pt,64
sim1_271.pt,64
sim1_272.pt,64
sim1_273.pt,64
sim1_274.pt,64
sim1_275.pt,64
sim1_276.pt,64
sim1_277.pt,64
sim1_278.pt,64
sim1_279.pt,64
sim1_280.pt,64
sim1_281.pt,64
sim1_282.pt,64
sim1_283.pt,64
sim1_284.pt,64
sim1_285.pt,64
sim1_286.pt,64
sim1_287.pt,64
sim1_288.pt,64
sim1_289.pt,64
sim1_290.pt,64
sim1_291.pt,64
sim1_292.pt,64
sim1_293.pt,64
sim1_294.pt,64
sim1_295.pt,64
sim1_296.pt,64
sim1_297.pt,64
sim1_298.pt,64
sim1_299.pt,64
sim2_0.pt,64
sim2_1.pt,64
sim2_2.pt,64
sim2_3.pt,64
sim2_4.pt,64
sim2_5.pt,64
sim2_6.pt,64
sim2_7.pt,64
sim2_8.pt,64
sim2_9.pt,64
sim2_10.pt,64
sim2_11.pt,64
sim2_12.pt,64
sim2_13.pt,64
sim2_14.pt,64
sim2_15.pt,64
sim2_16.pt,64
sim2_17.pt,64
sim2_18.pt,64
sim2_19.pt,64
sim2_20.pt,64
sim2_21.pt,64
sim2_22.pt,64
sim2_23.pt,64
sim2_24.pt,64
sim2_25.pt,64
sim2_26.pt,64
sim2_27.pt,64
sim2_28.pt,64
sim2_29.pt,64
sim2_30.pt,64
sim2_31.pt,64
sim2_32.pt,64
sim2_33.pt,64
sim2_34.pt,64
sim2_35.pt,64
sim2_36.pt,64
sim2_37.pt,64
sim2_38.pt,64
sim2_39.pt,64
sim2_40.pt,64
sim2_41.pt,64
sim2_42.pt,64
sim2_43.pt,64
sim2_44.pt,64
sim2_45.pt,64
sim2_46.pt,64
sim2_47.pt,64
sim2_48.pt,64
sim2_49.pt,64
sim2_50.pt,64
sim2_51.pt,64
sim2_52.pt,64
sim2_53.pt,64
sim2_54.pt,64
sim2_55.pt,64
sim2_56.pt,64
sim2_57.pt,64
sim2_58.pt,64
sim2_59.pt,64
sim2_60.pt,64
sim2_61.pt,64
sim2_62.pt,64
sim2_63.pt,64
sim2_64.pt,64
sim2_65.pt,64
sim2_66.pt,64
sim2_67.pt,64
sim2_68.pt,64
sim2_69.pt,64
sim2_70.pt,64
sim2_71.pt,64
sim2_72.pt,64
sim2_73.pt,64
sim2_74.pt,64
sim2_75.pt,64
sim2_76.pt,64
sim2_77.pt,64
sim2_78.pt,64
sim2_79.pt,64
sim2_80.pt,64
sim2_81.pt,64
sim2_82.pt,64
sim2_83.pt,64
sim2_84.pt,64
sim2_85.pt,64
sim2_86.pt,64
sim2_87.pt,64
sim2_88.pt,64
sim2_89.pt,64
sim2_90.pt,64
sim2_91.pt,64
sim2_92.pt,64
sim2_93.pt,64
sim2_94.pt,64
sim2_95.pt,64
sim2_96.pt,64
sim2_97.pt,64
sim2_98.pt,64
sim2_99.pt,64
sim2_100.pt,64
sim2_101.pt,64
sim2_102.pt,64
sim2_103.pt,64
sim2_104.pt,64
sim2_105.pt,64
sim2_106.pt,64
sim2_107.pt,64
sim2_108.pt,64
sim2_109.pt,64
sim2_110.pt,64
sim2_111.pt,64
sim2_112.pt,64
sim2_113.pt,64
sim2_114.pt,64
sim2_115.pt,64
sim2_116.pt,64
sim2_117.pt,64
sim2_118.pt,64
sim2_119.pt,64
sim2_120.pt,64
sim2_121.pt,64
sim2_122.pt,64
sim2_123.pt,64
sim2_124.pt,64
sim2_125.pt,64
sim2_126.pt,64
sim2_127.pt,64
sim2_128.pt,64
sim2_129.pt,64
sim2_130.pt,64
sim2_131.pt,64
sim2_132.pt,64
sim2_133.pt,64
sim2_134.pt,64
sim2_135.pt,64
sim2_136.pt,64
sim2_137.pt,64
sim2_138.pt,64
sim2_139.pt,64
sim2_140.pt,64
sim2_141.pt,64
sim2_142.pt,64
sim2_143.pt,64
sim2_144.pt,64
sim2_145.pt,64
sim2_146.pt,64
sim2_147.pt,64
sim2_148.pt,64
sim2_149.pt,64
sim2_150.pt,64
sim2_151.pt,64
sim2_152.pt,64
sim2_153.pt,64
sim2_154.pt,64
sim2_155.pt,64
sim2_156.pt,64
sim2_157.pt,64
sim2_158.pt,64
sim2_159.pt,64
sim2_160.pt,64
sim2_161.pt,64
sim2_162.pt,64
sim2_163.pt,64
sim2_164.pt,64
sim2_165.pt,64
sim2_166.pt,64
sim2_167.pt,64
sim2_168.pt,64
sim2_169.pt,64
sim2_170.pt,64
sim2_171.pt,64
sim2_172.pt,64
sim2_173.pt,64
sim2_174.pt,64
sim2_175.pt,64
sim2_176.pt,64
sim2_177.pt,64
sim2_178.pt,64
sim2_179.pt,64
sim2_180.pt,64
sim2_181.pt,64
sim2_182.pt,64
sim2_183.pt,64
sim2_184.pt,64
sim2_185.pt,64
sim2_186.pt,64
sim2_187.pt,64
sim2_188.pt,64
sim2_189.pt,64
sim2_190.pt,64
sim2_191.pt,64
sim2_192.pt,64
sim2_193.pt,64
sim2_194.pt,64
sim2_195.pt,64
sim2_196.pt,64
sim2_197.pt,64
sim2_198.pt,64
sim2_199.pt,64
sim2_200.pt,64
sim2_201.pt,64
sim2_202.pt,64
sim2_203.pt,64
sim2_204.pt,64
sim2_205.pt,64
sim2_206.pt,64
sim2_207.pt,64
sim2_208.pt,64
sim2_209.pt,64
sim2_210.pt,64
sim2_211.pt,64
sim2_212.pt,64
sim2_213.pt,64
sim2_214.pt,64
sim2_215.pt,64
sim2_216.pt,64
sim2_217.pt,64
sim2_218.pt,64
sim2_219.pt,64
sim2_220.pt,64
sim2_221.pt,64
sim2_222.pt,64
sim2_223.pt,64
sim2_224.pt,64
sim2_225.pt,64
sim2_226.pt,64
sim2_227.pt,64
sim2_228.pt,64
sim2_229.pt,64
sim2_230.pt,64
sim2_231.pt,64
sim2_232.pt,64
sim2_233.pt,64
sim2_234.pt,64
sim2_235.pt,64
sim2_236.pt,64
sim2_237.pt,64
sim2_238.pt,64
sim2_239.pt,64
sim2_240.pt,64
sim2_241.pt,64
sim2_242.pt,64
sim2_243.pt,64
sim2_244.pt,64
sim2_245.pt,64
sim2_246.pt,64
sim2_247.pt,64
sim2_248.pt,64
sim2_249.pt,64
sim2_250.pt,64
sim2_251.pt,64
sim2_252.pt,64
sim2_253.pt,64
sim2_254.pt,64
sim2_255.pt,64
sim2_256.pt,64
sim2_257.pt,64
sim2_258.pt,64
sim2_259.pt,64
sim2_260.pt,64
sim2_261.pt,64
sim2_262.pt,64
sim2_263.pt,64
sim2_264.pt,64
sim2_265.pt,64
sim2_266.pt,64
sim2_267.pt,64
sim2_268.pt,64
sim2_269.pt,64
sim2_270.pt,64
sim2_271.pt,64
sim2_272.pt,64
sim2_273.pt,64
sim2_274.pt,64
sim2_275.pt,64
sim2_276.pt,64
sim2_277.pt,64
sim2_278.pt,64
sim2_279.pt,64
sim2_280.pt,64
sim2_281.pt,64
sim2_282.pt,64
sim2_283.pt,64
sim2_284.pt,64
sim2_285.pt,64
sim2_286.pt,64
sim2_287.pt,64
sim2_288.pt,64
sim2_289.pt,64
sim2_290.pt,64
sim2_291.pt,64
sim2_292.pt,64
sim2_293.pt,64
sim2_294.pt,64
sim2_295.pt,64
sim2_296.pt,64
sim2_297.pt,64
sim2_298.pt,64
sim2_299.pt,64
sim3_0.pt,64
sim3_1.pt,64
sim3_2.pt,64
sim3_3.pt,64
sim3_4.pt,64
sim3_5.pt,64
sim3_6.pt,64
sim3_7.pt,64
sim3_8.pt,64
sim3_9.pt,64
sim3_10.pt,64
sim3_11.pt,64
sim3_12.pt,64
sim3_13.pt,64
sim3_14.pt,64
sim3_15.pt,64
sim3_16.pt,64
sim3_17.pt,64
sim3_18.pt,64
sim3_19.pt,64
sim3_20.pt,64
sim3_21.pt,64
sim3_22.pt,64
sim3_23.pt,64
sim3_24.pt,64
sim3_25.pt,64
sim3_26.pt,64
sim3_27.pt,64
sim3_28.pt,64
sim3_29.pt,64
sim3_30.pt,64
sim3_31.pt,64
sim3_32.pt,64
sim3_33.pt,64
sim3_34.pt,64
sim3_35.pt,64
sim3_36.pt,64
sim3_37.pt,64
sim3_38.pt,64
sim3_39.pt,64
sim3_40.pt,64
sim3_41.pt,64
sim3_42.pt,64
sim3_43.pt,64
sim3_44.pt,64
sim3_45.pt,64
sim3_46.pt,64
sim3_47.pt,64
sim3_48.pt,64
sim3_49.pt,64
sim3_50.pt,64
sim3_51.pt,64
sim3_52.pt,64
sim3_53.pt,64
sim3_54.pt,64
sim3_55.pt,64
sim3_56.pt,64
sim3_57.pt,64
sim3_58.pt,64
sim3_59.pt,64
sim3_60.pt,64
sim3_61.pt,64
sim3_62.pt,64
sim3_63.pt,64
sim3_64.pt,64
sim3_65.pt,64
sim3_66.pt,64
sim3_67.pt,64
sim3_68.pt,64
sim3_69.pt,64
sim3_70.pt,64
sim3_71.pt,64
sim3_72.pt,64
sim3_73.pt,64
sim3_74.pt,64
sim3_75.pt,64
sim3_76.pt,64
sim3_77.pt,64
sim3_78.pt,64
sim3_79.pt,64
sim3_80.pt,64
sim3_81.pt,64
sim3_82.pt,64
sim3_83.pt,64
sim3_84.pt,64
sim3_85.pt,64
sim3_86.pt,64
sim3_87.pt,64
sim3_88.pt,64
sim3_89.pt,64
sim3_90.pt,64
sim3_91.pt,64
sim3_92.pt,64
sim3_93.pt,64
sim3_94.pt,64
sim3_95.pt,64
sim3_96.pt,64
sim3_97.pt,64
sim3_98.pt,64
sim3_99.pt,64
sim3_100.pt,64
sim3_101.pt,64
sim3_102.pt,64
sim3_103.pt,64
sim3_104.pt,64
sim3_105.pt,64
sim3_106.pt,64
sim3_107.pt,64
sim3_108.pt,64
sim3_109.pt,64
sim3_110.pt,64
sim3_111.pt,64
sim3_112.pt,64
sim3_113.pt,64
sim3_114.pt,64
sim3_115.pt,64
sim3_116.pt,64
sim3_117.pt,64
sim3_118.pt,64
sim3_119.pt,64
sim3_120.pt,64
sim3_121.pt,64
sim3_122.pt,64
sim3_123.pt,64
sim3_124.pt,64
sim3_125.pt,64
sim3_126.pt,64
sim3_127.pt,64
sim3_128.pt,64
sim3_129.pt,64
sim3_130.pt,64
sim3_131.pt,64
sim3_132.pt,64
sim3_133.pt,64
sim3_134.pt,64
sim3_135.pt,64
sim3_136.pt,64
sim3_137.pt,64
sim3_138.pt,64
sim3_139.pt,64
sim3_140.pt,64
sim3_141.pt,64
sim3_142.pt,64
sim3_143.pt,64
sim3_144.pt,64
sim3_145.pt,64
sim3_146.pt,64
sim3_147.pt,64
sim3_148.pt,64
sim3_149.pt,64
sim3_150.pt,64
sim3_151.pt,64
sim3_152.pt,64
sim3_153.pt,64
sim3_154.pt,64
sim3_155.pt,64
sim3_156.pt,64
sim3_157.pt,64
sim3_158.pt,64
sim3_159.pt,64
sim3_160.pt,64
sim3_161.pt,64
sim3_162.pt,64
sim3_163.pt,64
sim3_164.pt,64
sim3_165.pt,64
sim3_166.pt,64
sim3_167.pt,64
sim3_168.pt,64
sim3_169.pt,64
sim3_170.pt,64
sim3_171.pt,64
sim3_172.pt,64
sim3_173.pt,64
sim3_174.pt,64
sim3_175.pt,64
sim3_176.pt,64
sim3_177.pt,64
sim3_178.pt,64
sim3_179.pt,64
sim3_180.pt,64
sim3_181.pt,64
sim3_182.pt,64
sim3_183.pt,64
sim3_184.pt,64
sim3_185.pt,64
sim3_186.pt,64
sim3_187.pt,64
sim3_188.pt,64
sim3_189.pt,64
sim3_190.pt,64
sim3_191.pt,64
sim3_192.pt,64
sim3_193.pt,64
sim3_194.pt,64
sim3_195.pt,64
sim3_196.pt,64
sim3_197.pt,64
sim3_198.pt,64
sim3_199.pt,64
sim3_200.pt,64
sim3_201.pt,64
sim3_202.pt,64
sim3_203.pt,64
sim3_204.pt,64
sim3_205.pt,64
sim3_206.pt,64
sim3_207.pt,64
sim3_208.pt,64
sim3_209.pt,64
sim3_210.pt,64
sim3_211.pt,64
sim3_212.pt,64
sim3_213.pt,64
sim3_214.pt,64
sim3_215.pt,64
sim3_216.pt,64
sim3_217.pt,64
sim3_218.pt,64
sim3_219.pt,64
sim3_220.pt,64
sim3_221.pt,64
sim3_222.pt,64
sim3_223.pt,64
sim3_224.pt,64
sim3_225.pt,64
sim3_226.pt,64
sim3_227.pt,64
sim3_228.pt,64
sim3_229.pt,64
sim3_230.pt,64
sim3_231.pt,64
sim3_232.pt,64
sim3_233.pt,64
sim3_234.pt,64
sim3_235.pt,64
sim3_236.pt,64
sim3_237.pt,64
sim3_238.pt,64
sim3_239.pt,64
sim3_240.pt,64
sim3_241.pt,64
sim3_242.pt,64
sim3_243.pt,64
sim3_244.pt,64
sim3_245.pt,64
sim3_246.pt,64
sim3_247.pt,64
sim3_248.pt,64
sim3_249.pt,64
sim3_250.pt,64
sim3_251.pt,64
sim3_252.pt,64
sim3_253.pt,64
sim3_254.pt,64
sim3_255.pt,64
sim3_256.pt,64
sim3_257.pt,64
sim3_258.pt,64
sim3_259.pt,64
sim3_260.pt,64
sim3_261.pt,64
sim3_262.pt,64
sim3_263.pt,64
sim3_264.pt,64
sim3_265.pt,64
sim3_266.pt,64
sim3_267.pt,64
sim3_268.pt,64
sim3_269.pt,64
sim3_270.pt,64
sim3_271.pt,64
sim3_272.pt,64
sim3_273.pt,64
sim3_274.pt,64
sim3_275.pt,64
sim3_276.pt,64
sim3_277.pt,64
sim3_278.pt,64
sim3_279.pt,64
sim3_280.pt,64
sim3_281.pt,64
sim3_282.pt,64
sim3_283.pt,64
sim3_284.pt,64
sim3_285.pt,64
sim3_286.pt,64
sim3_287.pt,64
sim3_288.pt,64
sim3_289.pt,64
sim3_290.pt,64
sim3_291.pt,64
sim3_292.pt,64
sim3_293.pt,64
sim3_294.pt,64
sim3_295.pt,64
sim3_296.pt,64
sim3_297.pt,64
sim3_298.pt,64
sim3_299.pt,64
